scenario_id,agv_id,x,y,velocity,direction
2025-10-13T22:22:08.158647,0,387.1173340833688,176.05389411184026,0.0,0.8213567331512623
2025-10-13T22:22:08.158647,1,262.9399639954214,241.53826706014237,0.0,4.348817615733569
2025-10-13T22:22:08.158647,2,268.6228779264515,257.97409565572826,0.0,0.44694350489875345
2025-10-13T22:22:08.158647,3,308.0027623279035,250.3392661436224,0.0,3.925866561347706
2025-10-13T22:22:08.158647,4,224.15058859555742,257.4387707318854,0.0,2.3073853037145096
2025-10-13T22:22:08.158808,0,324.772532914721,137.546813317815,0.0,0.4061109772472105
2025-10-13T22:22:08.158808,1,289.2540790222174,119.69160749118414,0.0,2.0543632168206094
2025-10-13T22:22:08.158808,2,336.1675212873768,221.26722979138916,0.0,2.8503076141220394
2025-10-13T22:22:08.158808,3,391.88555741412233,178.8717461175209,0.0,3.6838800207276456
2025-10-13T22:22:08.158808,4,292.15701891313677,58.72277227747304,0.0,5.169554972010337
2025-10-13T22:22:08.158900,0,296.584597356985,230.22434506694168,0.0,5.507401558621705
2025-10-13T22:22:08.158900,1,306.89411541598855,96.97621913050017,0.0,0.30122536320936644
2025-10-13T22:22:08.158900,2,339.6827398727017,198.48980528815795,0.0,4.4237609152066275
2025-10-13T22:22:08.158900,3,289.6155677181447,230.41226621113154,0.0,5.356492726238594
2025-10-13T22:22:08.158900,4,272.69701597023004,154.05295983577088,0.0,1.9247386662928463
2025-10-13T22:22:08.159065,0,242.11272393724556,153.7784926863486,0.0,5.599474104649996
2025-10-13T22:22:08.159065,1,334.5152416280862,236.4466718173241,0.0,2.8861700007231996
2025-10-13T22:22:08.159065,2,229.46250064635944,79.08959689608861,0.0,5.0351061864383535
2025-10-13T22:22:08.159065,3,378.9745614186175,113.87575514747792,0.0,2.6170662483137055
2025-10-13T22:22:08.159065,4,233.0278074512693,248.8673977482573,0.0,2.2070103474480294
2025-10-13T22:22:08.159142,0,297.3818100611374,146.25782815878551,0.0,3.2545764426239234
2025-10-13T22:22:08.159142,1,268.7217800595883,193.5404321249389,0.0,2.36856342268476
2025-10-13T22:22:08.159142,2,375.08518189465576,106.10695795344287,0.0,2.432596471506171
2025-10-13T22:22:08.159142,3,235.60427485897418,111.63278373047501,0.0,1.1079487851827048
2025-10-13T22:22:08.159142,4,346.730628379009,174.21492884759067,0.0,4.876980614013579
2025-10-13T22:22:08.159294,0,336.1587670119555,96.74763091195936,0.0,3.745311305255339
2025-10-13T22:22:08.159294,1,372.41264341129306,106.34992483575758,0.0,3.0260075357559995
2025-10-13T22:22:08.159294,2,255.95873455788802,219.87534321320922,0.0,4.894493953948738
2025-10-13T22:22:08.159294,3,200.40092284491467,229.11709164830864,0.0,2.639677146354802
2025-10-13T22:22:08.159294,4,258.1399286082026,134.3625451865227,0.0,2.174638740682081
2025-10-13T22:22:08.159368,0,331.76234413328916,185.01798308786132,0.0,5.382753662929857
2025-10-13T22:22:08.159368,1,379.81676687542404,132.65210195672154,0.0,4.14054954425346
2025-10-13T22:22:08.159368,2,358.41030481433046,227.28380637312097,0.0,3.4604095396689543
2025-10-13T22:22:08.159368,3,254.34056452738673,113.8488144348925,0.0,1.6692429296866316
2025-10-13T22:22:08.159368,4,241.3006876641365,56.21486395448038,0.0,3.677920754282369
2025-10-13T22:22:08.159518,0,260.1291315910977,220.62715335765503,0.0,2.692917006403443
2025-10-13T22:22:08.159518,1,356.01334804158665,145.8485694832813,0.0,2.827491871786147
2025-10-13T22:22:08.159518,2,396.97406174282173,99.60045029767979,0.0,5.530796070085094
2025-10-13T22:22:08.159518,3,220.17903023966866,54.79674889516631,0.0,5.2411386384222505
2025-10-13T22:22:08.159518,4,346.75306946702676,183.72757879662066,0.0,4.194974802807757
2025-10-13T22:22:08.159638,0,267.36013544267325,68.28058035905417,0.0,2.2974622623666723
2025-10-13T22:22:08.159638,1,226.42814058321153,250.82220467451734,0.0,0.7259343489204781
2025-10-13T22:22:08.159638,2,217.89930491773805,93.71394409295783,0.0,2.501584954384119
2025-10-13T22:22:08.159638,3,387.16006375388235,62.453319940934115,0.0,4.849095645142313
2025-10-13T22:22:08.159638,4,374.38328400697606,100.73825092093045,0.0,3.871625362142022
2025-10-13T22:22:08.159777,0,393.1644792536236,243.77897300328516,0.0,3.90302123539972
2025-10-13T22:22:08.159777,1,366.3670306192275,152.4333017169734,0.0,3.569875266067882
2025-10-13T22:22:08.159777,2,303.53519863517766,210.28694973792724,0.0,1.2115943783112566
2025-10-13T22:22:08.159777,3,283.30969924338655,183.66009406292088,0.0,5.368929810304245
2025-10-13T22:22:08.159777,4,228.40105179109597,204.6513778360431,0.0,3.5461442013769107
2025-10-13T22:22:08.159871,0,331.5985464885112,207.4282899944726,0.0,3.0961401460886844
2025-10-13T22:22:08.159871,1,351.93653877528624,87.51762938074944,0.0,0.013715945278520367
2025-10-13T22:22:08.159871,2,396.3562194746604,193.25551758681445,0.0,4.719665880049294
2025-10-13T22:22:08.159871,3,375.08931001866256,130.4088081377237,0.0,1.033826758866238
2025-10-13T22:22:08.159871,4,389.8055300406518,248.73196243324327,0.0,1.9643306475800628
2025-10-13T22:22:08.159950,0,243.20626868956117,239.8718780680331,0.0,5.818727550419368
2025-10-13T22:22:08.159950,1,334.975419013218,139.99605644532528,0.0,6.014755861328013
2025-10-13T22:22:08.159950,2,355.98133118834505,259.9757370660092,0.0,3.9391266936901346
2025-10-13T22:22:08.159950,3,389.3489629285824,92.75493381039925,0.0,3.3251697813267884
2025-10-13T22:22:08.159950,4,392.4446944341048,83.72590143980399,0.0,0.5029491208082149
2025-10-13T22:22:08.160051,0,216.1674857633191,81.56023276845644,0.0,5.937972643230245
2025-10-13T22:22:08.160051,1,279.5850280008932,99.22460396714138,0.0,2.6809712546278197
2025-10-13T22:22:08.160051,2,285.28620481822196,106.96438479656905,0.0,2.793673671806326
2025-10-13T22:22:08.160051,3,294.3763027522228,269.45964707422166,0.0,2.1547892375057933
2025-10-13T22:22:08.160051,4,334.54834143590256,86.89942474676332,0.0,0.09919699784627571
2025-10-13T22:22:08.160169,0,235.63306763179764,229.16579448976918,0.0,4.17735996949854
2025-10-13T22:22:08.160169,1,227.384214859448,135.47270738640785,0.0,2.1465615296680753
2025-10-13T22:22:08.160169,2,375.77070848752584,232.98640766842018,0.0,1.6719447715263522
2025-10-13T22:22:08.160169,3,348.22175395858187,193.0214700136624,0.0,3.5663316975754937
2025-10-13T22:22:08.160169,4,278.15912378688677,188.5948387477327,0.0,4.3211178571313775
2025-10-13T22:22:08.160242,0,212.93153123454732,248.79437109354788,0.0,2.1295564764677777
2025-10-13T22:22:08.160242,1,263.68909246837364,151.2917423705091,0.0,3.126832340838501
2025-10-13T22:22:08.160242,2,229.45037522186252,138.49507786650463,0.0,2.6150666805535705
2025-10-13T22:22:08.160242,3,282.0147096539411,85.1922708087607,0.0,2.10073820378418
2025-10-13T22:22:08.160242,4,228.90613620898804,99.2756391440511,0.0,5.736564958916453
2025-10-13T22:22:08.160355,0,268.7898145435617,252.8449242697656,0.0,0.2957152749717577
2025-10-13T22:22:08.160355,1,275.5822535675986,96.35438239005869,0.0,5.513010580131001
2025-10-13T22:22:08.160355,2,240.1958275805397,111.25090949083031,0.0,5.210853379454488
2025-10-13T22:22:08.160355,3,317.76449288097365,177.43292189695455,0.0,2.707521059010783
2025-10-13T22:22:08.160355,4,373.7026124556992,135.22715960409573,0.0,2.1834570065077696
2025-10-13T22:22:08.160518,0,241.88753394506475,204.88535021947285,0.0,1.8430013104082834
2025-10-13T22:22:08.160518,1,280.84521741711467,193.25450871758173,0.0,1.1503613025471355
2025-10-13T22:22:08.160518,2,292.57757648133145,145.0613223016142,0.0,0.39417335383014424
2025-10-13T22:22:08.160518,3,214.67863735722648,133.10873499719767,0.0,2.078538180431597
2025-10-13T22:22:08.160518,4,222.18499877503552,234.69956755806618,0.0,0.08150335464703803
2025-10-13T22:22:08.160624,0,331.8114999755146,86.24337884805689,0.0,1.3737041107700647
2025-10-13T22:22:08.160624,1,355.09368192887916,79.8408348125777,0.0,1.266450733189798
2025-10-13T22:22:08.160624,2,375.89741454255056,171.14644242903165,0.0,1.0611104581600288
2025-10-13T22:22:08.160624,3,246.93904998006303,220.43977468443308,0.0,0.7698615211708042
2025-10-13T22:22:08.160624,4,240.59987903943323,160.56714599613534,0.0,5.185712551892641
2025-10-13T22:22:08.160783,0,345.14921608325756,50.95911058091008,0.0,2.2545564543589607
2025-10-13T22:22:08.160783,1,235.77204149995163,111.8242605667273,0.0,0.7656417022166455
2025-10-13T22:22:08.160783,2,204.78559866366476,223.41141640053402,0.0,5.616630716213332
2025-10-13T22:22:08.160783,3,271.4724538356251,70.71629053547805,0.0,1.3465358499719255
2025-10-13T22:22:08.160783,4,277.2343771564525,158.0808692281488,0.0,2.392163323251282
2025-10-13T22:22:08.160869,0,343.8572507970316,234.01621113263818,0.0,1.207229451216228
2025-10-13T22:22:08.160869,1,312.09484539626817,83.6923732737782,0.0,5.151091404585088
2025-10-13T22:22:08.160869,2,228.81610518982058,133.37603965186543,0.0,6.183923637678246
2025-10-13T22:22:08.160869,3,200.47996361963285,87.10038524423794,0.0,2.6646515548775342
2025-10-13T22:22:08.160869,4,216.76616365831114,241.24301248486643,0.0,0.058228910250958124
2025-10-13T22:22:08.161006,0,387.1838681127224,244.48179957369604,0.0,1.1512944844863904
2025-10-13T22:22:08.161006,1,329.9640844773546,58.25601190495572,0.0,2.6973792399919945
2025-10-13T22:22:08.161006,2,297.6447740715598,231.33628521242088,0.0,0.5946034733795231
2025-10-13T22:22:08.161006,3,286.3200051687657,161.48237818824117,0.0,4.021666888751758
2025-10-13T22:22:08.161006,4,226.17473238489654,210.49308223385225,0.0,3.5958640027976223
2025-10-13T22:22:08.161110,0,347.12822520551026,55.71811661499403,0.0,4.499889916543611
2025-10-13T22:22:08.161110,1,341.5512426526111,110.63795303043422,0.0,1.5463221725061385
2025-10-13T22:22:08.161110,2,345.0695585074433,58.34259632233517,0.0,0.3049844838258733
2025-10-13T22:22:08.161110,3,270.6457875585022,74.32052690964728,0.0,4.348172520835639
2025-10-13T22:22:08.161110,4,297.38476609156845,67.16212796072793,0.0,0.22287111489526626
2025-10-13T22:22:08.161214,0,251.59421373655374,145.0749945949412,0.0,3.830978767543642
2025-10-13T22:22:08.161214,1,265.9839965642632,243.69012625575604,0.0,6.071060634456726
2025-10-13T22:22:08.161214,2,362.3411886254005,90.55215798062508,0.0,1.5811562658481702
2025-10-13T22:22:08.161214,3,307.00784925593723,210.49748047433414,0.0,3.2382805736446656
2025-10-13T22:22:08.161214,4,350.20121272799315,188.80065935356077,0.0,5.274700958803729
2025-10-13T22:22:08.161298,0,385.01348020460614,111.636530363167,0.0,3.085224398202414
2025-10-13T22:22:08.161298,1,353.8884311384529,228.5526622637504,0.0,2.3418313850275294
2025-10-13T22:22:08.161298,2,364.208604606132,202.56728237525525,0.0,2.188812459660829
2025-10-13T22:22:08.161298,3,277.5069678111689,164.75892856875657,0.0,5.504432228709025
2025-10-13T22:22:08.161298,4,375.4409383442709,228.93181786511832,0.0,6.197531133396685
2025-10-13T22:22:08.161391,0,307.16821504463314,228.5796429792136,0.0,1.136630254257969
2025-10-13T22:22:08.161391,1,395.2311566615654,164.0539680560633,0.0,2.4360424873468176
2025-10-13T22:22:08.161391,2,303.5244983846169,120.67920530581092,0.0,0.46661661458579523
2025-10-13T22:22:08.161391,3,395.76673021530564,86.26963594898044,0.0,4.932574326671245
2025-10-13T22:22:08.161391,4,324.49701552796813,59.72015111306791,0.0,5.764029668532629
2025-10-13T22:22:08.161497,0,393.50772589519875,94.81488352421519,0.0,3.0532313081658544
2025-10-13T22:22:08.161497,1,246.49282461260168,236.98215794727443,0.0,4.986773142402598
2025-10-13T22:22:08.161497,2,353.3093706520278,71.69056837227566,0.0,4.205700213838402
2025-10-13T22:22:08.161497,3,220.9865006733096,265.39733434127515,0.0,2.656978007741713
2025-10-13T22:22:08.161497,4,298.9434437843585,153.68490248380755,0.0,6.011444984535317
2025-10-13T22:22:08.161602,0,292.0192719244576,126.20454461077027,0.0,0.00688974893106748
2025-10-13T22:22:08.161602,1,363.9287732073112,261.0288284988564,0.0,2.4182085103238107
2025-10-13T22:22:08.161602,2,388.63622866394576,92.96018932215391,0.0,2.5194051334863974
2025-10-13T22:22:08.161602,3,374.6813199767159,68.82237227311333,0.0,5.544388214003173
2025-10-13T22:22:08.161602,4,217.87540026513693,124.87519451723517,0.0,1.7693371027622788
2025-10-13T22:22:08.161751,0,372.1957306320645,125.0943060985162,0.0,3.586938840222185
2025-10-13T22:22:08.161751,1,338.2604413722911,94.65007059195716,0.0,6.222775766103361
2025-10-13T22:22:08.161751,2,201.2563686718062,223.1993003508211,0.0,2.2974932933397674
2025-10-13T22:22:08.161751,3,268.52842576279573,200.8887848735383,0.0,4.745665426626848
2025-10-13T22:22:08.161751,4,333.19181925897135,85.9522484328158,0.0,3.943925737344434
2025-10-13T22:22:08.161898,0,255.08082604944357,254.4670137428303,0.0,1.061869549123454
2025-10-13T22:22:08.161898,1,344.6459848054476,180.16494780055072,0.0,6.222312266752583
2025-10-13T22:22:08.161898,2,331.3382658352578,261.7028448809506,0.0,0.1484704689696021
2025-10-13T22:22:08.161898,3,205.90259271104318,93.43560893554829,0.0,6.12169973463646
2025-10-13T22:22:08.161898,4,204.44839458865633,253.5403397455678,0.0,5.217414933997891
2025-10-13T22:22:08.162051,0,229.11901528592756,243.1627250833524,0.0,4.4050368382020135
2025-10-13T22:22:08.162051,1,232.67070355200647,185.21619949826325,0.0,0.4581621889569745
2025-10-13T22:22:08.162051,2,348.30801801465054,240.27199628775878,0.0,0.6977564836523528
2025-10-13T22:22:08.162051,3,331.19176643899357,182.25239178972546,0.0,5.648982774602637
2025-10-13T22:22:08.162051,4,287.39858221698984,63.06534780419653,0.0,5.003996432484834
2025-10-13T22:22:08.162186,0,324.44472035636244,239.4493119856596,0.0,2.6966254220137826
2025-10-13T22:22:08.162186,1,203.64710478092823,146.37413210297362,0.0,0.1510958448756536
2025-10-13T22:22:08.162186,2,391.8066807860527,76.48359976956127,0.0,4.13816600612372
2025-10-13T22:22:08.162186,3,222.89690528427198,168.3565791917639,0.0,1.830213249457072
2025-10-13T22:22:08.162186,4,236.68024473767298,248.89536961942633,0.0,3.1522151752212717
2025-10-13T22:22:08.162323,0,248.10436341575817,198.9826853384114,0.0,5.7158359098719895
2025-10-13T22:22:08.162323,1,372.17703734608193,172.85264401799787,0.0,3.4399588727942083
2025-10-13T22:22:08.162323,2,201.6482977604558,235.99494761419373,0.0,1.334196794748946
2025-10-13T22:22:08.162323,3,361.98985656273396,267.0240038579409,0.0,6.000557116549232
2025-10-13T22:22:08.162323,4,290.508119499902,209.71539866833518,0.0,5.194687961430635
2025-10-13T22:22:08.162457,0,377.8821309024957,96.33494594657745,0.0,3.2235052878185897
2025-10-13T22:22:08.162457,1,324.9605782179128,169.2209100112853,0.0,2.208605266775291
2025-10-13T22:22:08.162457,2,282.8585902052639,242.00668179282826,0.0,3.595386943178334
2025-10-13T22:22:08.162457,3,238.19930709503137,195.86396619140328,0.0,1.7627921622389298
2025-10-13T22:22:08.162457,4,356.8310598831091,55.24403408495444,0.0,4.68197068522196
2025-10-13T22:22:08.162611,0,346.185107616433,161.10611717172603,0.0,4.853923510311625
2025-10-13T22:22:08.162611,1,330.2552647798537,64.94032809611602,0.0,4.210381128853556
2025-10-13T22:22:08.162611,2,242.10596960854525,176.01974156321555,0.0,3.8573439433004286
2025-10-13T22:22:08.162611,3,217.88212009971917,148.6794381530344,0.0,2.5578584582040254
2025-10-13T22:22:08.162611,4,350.3036831345212,244.0551290587037,0.0,1.597667887186627
2025-10-13T22:22:08.162707,0,392.74767904920014,62.83514675616362,0.0,2.7777877048223667
2025-10-13T22:22:08.162707,1,345.4766449852391,103.07896317425315,0.0,4.7431797133452065
2025-10-13T22:22:08.162707,2,240.75455977607595,260.89466362112813,0.0,0.706777761594683
2025-10-13T22:22:08.162707,3,269.2317779698423,206.56974509355524,0.0,1.1757599325328194
2025-10-13T22:22:08.162707,4,387.4286257053138,171.37815310510308,0.0,3.6208540787241836
2025-10-13T22:22:08.162808,0,394.5334172662617,267.9839255099438,0.0,4.860971655146632
2025-10-13T22:22:08.162808,1,297.9182835104032,196.5449477687838,0.0,4.956721333875323
2025-10-13T22:22:08.162808,2,204.16191133271383,233.06504050812615,0.0,2.1915295757440467
2025-10-13T22:22:08.162808,3,355.54486887406193,177.70328553967454,0.0,3.005398186722406
2025-10-13T22:22:08.162808,4,319.7940301501528,195.32284259467878,0.0,2.248197735673857
2025-10-13T22:22:08.162883,0,251.2513580029435,223.32047878099957,0.0,4.820314777342759
2025-10-13T22:22:08.162883,1,310.1063743228865,237.90294398133395,0.0,1.4751480190648163
2025-10-13T22:22:08.162883,2,390.30814847259677,223.3122096418357,0.0,4.909747761471013
2025-10-13T22:22:08.162883,3,252.34976088467513,56.33243606643944,0.0,3.0864504233251067
2025-10-13T22:22:08.162883,4,315.2158253804137,73.38207649750404,0.0,0.7468679435648569
2025-10-13T22:22:08.162961,0,305.74649868024767,147.79059682429153,0.0,0.7504324004137788
2025-10-13T22:22:08.162961,1,325.1954552260353,201.56972759089513,0.0,1.9044537140661064
2025-10-13T22:22:08.162961,2,264.80745338473065,229.03746685225371,0.0,4.021824292630596
2025-10-13T22:22:08.162961,3,389.69038556290377,79.20461395187488,0.0,2.7050497984188233
2025-10-13T22:22:08.162961,4,278.1097448052317,75.9547552136618,0.0,1.0282026637524107
2025-10-13T22:22:08.163102,0,278.48352311612894,246.43747277570378,0.0,5.856702645659798
2025-10-13T22:22:08.163102,1,360.69462116211065,79.58590310493398,0.0,5.292142453515597
2025-10-13T22:22:08.163102,2,215.17503946327707,204.6591114948751,0.0,0.011359040758254982
2025-10-13T22:22:08.163102,3,349.70900267797725,193.56068640850265,0.0,3.251028093703422
2025-10-13T22:22:08.163102,4,254.12915805455822,190.62224865191158,0.0,2.165062402919023
2025-10-13T22:22:08.163206,0,378.4133661984895,208.7080392563245,0.0,0.7701000136098649
2025-10-13T22:22:08.163206,1,342.6112667097127,229.50685321372072,0.0,4.817220475715117
2025-10-13T22:22:08.163206,2,379.6894247153123,224.99371330261192,0.0,0.013853821295246186
2025-10-13T22:22:08.163206,3,343.560960567654,91.65225317204727,0.0,5.633338456170394
2025-10-13T22:22:08.163206,4,390.71262626791656,70.83560090879811,0.0,4.183183124193678
2025-10-13T22:22:08.163303,0,236.88771829177355,166.60570164524972,0.0,0.5440536815719865
2025-10-13T22:22:08.163303,1,246.20085050586096,76.34413439414128,0.0,1.7393898451929684
2025-10-13T22:22:08.163303,2,373.01856943820906,74.98431287077561,0.0,0.6811492322712343
2025-10-13T22:22:08.163303,3,230.35853386095772,94.26789366613696,0.0,2.7500893111824314
2025-10-13T22:22:08.163303,4,310.0172709563943,221.20391184354074,0.0,5.226383284413131
2025-10-13T22:22:08.163409,0,389.3656335949407,173.30427199053676,0.0,0.4093102971059962
2025-10-13T22:22:08.163409,1,236.01897543562046,103.63251184974686,0.0,2.710964069995454
2025-10-13T22:22:08.163409,2,254.69618351716574,133.90695891125043,0.0,4.30584836189213
2025-10-13T22:22:08.163409,3,284.8516317384257,132.57468403345888,0.0,2.154369742053045
2025-10-13T22:22:08.163409,4,300.42501906941743,163.80215967217669,0.0,2.038709627512625
2025-10-13T22:22:08.163531,0,391.88350822846314,123.09898646986282,0.0,1.0166477521614188
2025-10-13T22:22:08.163531,1,301.076976297592,134.87499880849572,0.0,5.2588525920883855
2025-10-13T22:22:08.163531,2,385.5635124929429,219.13885767250977,0.0,4.357417761717272
2025-10-13T22:22:08.163531,3,350.3446381626451,222.17205251400003,0.0,5.207184619261476
2025-10-13T22:22:08.163531,4,201.33116492064497,108.98030981755507,0.0,5.896834635888027
2025-10-13T22:22:08.163617,0,253.58315454411763,76.3919993688389,0.0,0.32532003973123724
2025-10-13T22:22:08.163617,1,304.6216900393579,124.13499490527343,0.0,2.463508875915087
2025-10-13T22:22:08.163617,2,240.84708936583237,53.15046799310028,0.0,2.6888612409331523
2025-10-13T22:22:08.163617,3,385.6114092654183,62.17938060248797,0.0,3.810279355831992
2025-10-13T22:22:08.163617,4,289.7523440255823,163.38876464270675,0.0,5.2287260517358725
2025-10-13T22:22:08.163741,0,216.1153777338208,151.3654486191242,0.0,2.1783781750044904
2025-10-13T22:22:08.163741,1,386.1459738069984,171.09876981209243,0.0,5.039242593509418
2025-10-13T22:22:08.163741,2,374.71659864084586,248.16667352766248,0.0,1.966961639493541
2025-10-13T22:22:08.163741,3,399.2759061061625,58.900393968939966,0.0,1.120643069100147
2025-10-13T22:22:08.163741,4,296.4756045996511,258.7950990551733,0.0,3.670233773821111
2025-10-13T22:22:08.163894,0,315.8390819153667,235.83123364258495,0.0,5.460706384780688
2025-10-13T22:22:08.163894,1,295.0558891440868,132.088995793656,0.0,6.217266657214597
2025-10-13T22:22:08.163894,2,337.50170280294435,168.2357425658486,0.0,0.5206552836697775
2025-10-13T22:22:08.163894,3,275.5149559295811,89.02088964758495,0.0,4.373436570229047
2025-10-13T22:22:08.163894,4,245.10395498598024,134.88430800603066,0.0,1.0844265900775285
2025-10-13T22:22:08.164012,0,245.6069539495606,245.269099545409,0.0,2.1637125703894395
2025-10-13T22:22:08.164012,1,314.0858073274861,219.9928264438835,0.0,4.980112764965322
2025-10-13T22:22:08.164012,2,263.96077885912433,265.78808686651894,0.0,3.991429846323681
2025-10-13T22:22:08.164012,3,358.87561544032417,70.21427464640516,0.0,3.8900499481513706
2025-10-13T22:22:08.164012,4,255.0819781885075,215.02084060447322,0.0,1.2456412422073944
2025-10-13T22:22:08.164129,0,266.5989632727038,248.10914411328102,0.0,4.582941798887761
2025-10-13T22:22:08.164129,1,247.21800595243863,262.92586846418163,0.0,5.501825360626022
2025-10-13T22:22:08.164129,2,383.02492548945,184.0487611190323,0.0,5.468424574329502
2025-10-13T22:22:08.164129,3,380.68329659210417,237.37957848474682,0.0,0.9956202541481798
2025-10-13T22:22:08.164129,4,250.07182125293616,195.77517122502147,0.0,1.6218357830247783
2025-10-13T22:22:08.164253,0,220.53963457446199,131.40558192034518,0.0,2.2811548620521744
2025-10-13T22:22:08.164253,1,245.46547329382727,202.9061422606877,0.0,1.4686094106934717
2025-10-13T22:22:08.164253,2,290.0978368431015,144.14537337748683,0.0,5.600687119418106
2025-10-13T22:22:08.164253,3,367.12690693293473,218.91925834271711,0.0,4.760230068219059
2025-10-13T22:22:08.164253,4,334.69200526106965,210.90103718536628,0.0,6.115145606829972
2025-10-13T22:22:08.164400,0,252.73213935586966,150.99015824921486,0.0,5.773934678539356
2025-10-13T22:22:08.164400,1,306.50796014094544,245.65642368192374,0.0,4.113974591519469
2025-10-13T22:22:08.164400,2,215.87925554022874,198.75157320372713,0.0,2.31879275808913
2025-10-13T22:22:08.164400,3,350.875377499586,214.6383731368329,0.0,3.086584305756544
2025-10-13T22:22:08.164400,4,269.563347361803,152.3177213760669,0.0,2.5583136037864493
2025-10-13T22:22:08.164490,0,318.5383696096611,144.35474406115293,0.0,1.9947946559717065
2025-10-13T22:22:08.164490,1,331.06493406809875,203.2266393931552,0.0,4.47180687753315
2025-10-13T22:22:08.164490,2,350.83911661959536,267.184827194489,0.0,3.8862019234700447
2025-10-13T22:22:08.164490,3,279.1504968650924,120.83626116757169,0.0,1.8885234532590862
2025-10-13T22:22:08.164490,4,280.1981544558391,141.10170367071632,0.0,2.1200357591016563
2025-10-13T22:22:08.164617,0,261.70538385974993,244.7517243343053,0.0,2.360292113364213
2025-10-13T22:22:08.164617,1,249.70836607342375,89.43878953434013,0.0,3.585086233970955
2025-10-13T22:22:08.164617,2,239.0475194131494,220.56559663858948,0.0,0.5615030800480894
2025-10-13T22:22:08.164617,3,274.69525737110826,154.21629933956842,0.0,0.4743552872643701
2025-10-13T22:22:08.164617,4,263.99067693162146,198.74284231677765,0.0,0.9909827696418039
2025-10-13T22:22:08.164698,0,297.77453304254243,116.6394914621273,0.0,1.5015627714636457
2025-10-13T22:22:08.164698,1,332.4692181152339,163.6562709005148,0.0,2.3057632365886027
2025-10-13T22:22:08.164698,2,255.84707018928623,69.63992482571564,0.0,3.656224485345481
2025-10-13T22:22:08.164698,3,224.38713282206092,201.33137121663364,0.0,1.797513147513354
2025-10-13T22:22:08.164698,4,382.9696425354172,112.92912779562855,0.0,5.094362137881598
2025-10-13T22:22:08.164775,0,388.74605680209095,137.8868361174216,0.0,5.636418725715679
2025-10-13T22:22:08.164775,1,308.3014434102022,267.5779228604886,0.0,0.8498450485799595
2025-10-13T22:22:08.164775,2,345.1160621804638,89.35019106536664,0.0,3.108342241746824
2025-10-13T22:22:08.164775,3,325.5118517865944,256.8392937002342,0.0,1.0610654598026454
2025-10-13T22:22:08.164775,4,284.7364487371303,65.33109701014773,0.0,4.491089879701323
2025-10-13T22:22:08.164881,0,285.4225389494327,162.1511803831595,0.0,2.1132952396843647
2025-10-13T22:22:08.164881,1,295.63049840483745,162.93488826103612,0.0,1.7374520407968035
2025-10-13T22:22:08.164881,2,375.0322899410519,142.84724950734596,0.0,2.787013183247203
2025-10-13T22:22:08.164881,3,302.2326443715229,89.87651451678465,0.0,0.42524690063513526
2025-10-13T22:22:08.164881,4,259.64497364498385,187.69744711012163,0.0,3.7909998551551283
2025-10-13T22:22:08.165027,0,298.66255752709316,259.5780242852902,0.0,3.6840865388237334
2025-10-13T22:22:08.165027,1,325.43214117912953,259.88114671785263,0.0,4.180420553487127
2025-10-13T22:22:08.165027,2,392.79368902739066,67.70555449573673,0.0,1.3659593096295777
2025-10-13T22:22:08.165027,3,352.65718765404495,69.93961454162363,0.0,4.765530515078327
2025-10-13T22:22:08.165027,4,267.8481869984934,144.03849661263575,0.0,5.309241664818645
2025-10-13T22:22:08.165154,0,270.6223094741225,155.71248274880298,0.0,0.7674256574469268
2025-10-13T22:22:08.165154,1,397.2419044073587,53.426675304762576,0.0,4.9135787010726375
2025-10-13T22:22:08.165154,2,392.6763022776172,260.27482005987787,0.0,3.785017217876236
2025-10-13T22:22:08.165154,3,393.1843834244242,123.80421464505885,0.0,0.1430072380823594
2025-10-13T22:22:08.165154,4,347.6178494332007,163.08513155059268,0.0,4.0306819200712445
2025-10-13T22:22:08.165242,0,374.66576502329724,265.87901309145684,0.0,3.6921888053517913
2025-10-13T22:22:08.165242,1,220.24091968229064,184.05031015196167,0.0,3.9460899371017186
2025-10-13T22:22:08.165242,2,226.13759771698693,158.38026994918386,0.0,4.41281110725928
2025-10-13T22:22:08.165242,3,376.4741419694127,188.95962239000568,0.0,2.7005661073808933
2025-10-13T22:22:08.165242,4,238.16992150791538,166.96768716608298,0.0,3.8240858550983274
2025-10-13T22:22:08.165363,0,374.80804871212325,121.729514108278,0.0,2.9747124668038896
2025-10-13T22:22:08.165363,1,237.41656966795696,119.75498785191186,0.0,0.08855430755674384
2025-10-13T22:22:08.165363,2,279.5385308143709,117.84442245081047,0.0,0.6992562987617095
2025-10-13T22:22:08.165363,3,238.9127890700451,117.95014908987363,0.0,5.1376479194085665
2025-10-13T22:22:08.165363,4,292.38746433585953,227.22127725773123,0.0,2.9454649566409974
2025-10-13T22:22:08.165520,0,289.5875801032197,74.2156418198324,0.0,0.08580886359892403
2025-10-13T22:22:08.165520,1,298.96072468268414,152.3497090599263,0.0,5.217776300955162
2025-10-13T22:22:08.165520,2,336.33089073292723,202.57857149708622,0.0,3.8173511644117366
2025-10-13T22:22:08.165520,3,389.509254516877,130.53962561276813,0.0,6.236700723505558
2025-10-13T22:22:08.165520,4,251.5001640706455,51.63548169169053,0.0,5.1953846726052415
2025-10-13T22:22:08.165607,0,317.35478692952097,138.43293361377602,0.0,1.3086725387454474
2025-10-13T22:22:08.165607,1,351.9629892783734,84.19340265078418,0.0,5.933684349541741
2025-10-13T22:22:08.165607,2,321.09891313889403,191.69847356652053,0.0,5.51379305729336
2025-10-13T22:22:08.165607,3,242.05101734597525,62.99105292002697,0.0,4.9134811479012885
2025-10-13T22:22:08.165607,4,237.62217359467127,129.95545436717867,0.0,6.206221245127046
2025-10-13T22:22:08.165686,0,381.6681856125035,130.29862389018544,0.0,0.2700679333887089
2025-10-13T22:22:08.165686,1,358.74476256844457,192.49898293503168,0.0,5.826479724802093
2025-10-13T22:22:08.165686,2,200.8522248042789,115.87471777358483,0.0,1.0721516664613084
2025-10-13T22:22:08.165686,3,390.2689344553981,182.2709938797763,0.0,0.9678251847880163
2025-10-13T22:22:08.165686,4,335.8806175012337,137.74806177457933,0.0,0.9812853383823199
2025-10-13T22:22:08.165830,0,333.2287212390088,147.60869981825385,0.0,3.862040225159683
2025-10-13T22:22:08.165830,1,345.1793123685085,176.80739525268007,0.0,3.244175269523038
2025-10-13T22:22:08.165830,2,274.2291982227034,67.65450233550467,0.0,5.095068275241783
2025-10-13T22:22:08.165830,3,212.31141570860876,97.68005404802824,0.0,4.975865160020906
2025-10-13T22:22:08.165830,4,253.0904248925224,176.72351281565903,0.0,0.9928396670833047
2025-10-13T22:22:08.165909,0,365.06606047936873,213.96400781683897,0.0,1.7472801619651974
2025-10-13T22:22:08.165909,1,275.59986871040707,80.99589320655325,0.0,2.846773702209543
2025-10-13T22:22:08.165909,2,220.8035872534905,125.30261899576479,0.0,2.3917848428027924
2025-10-13T22:22:08.165909,3,207.5473371691847,101.43185814701968,0.0,0.11366349131489237
2025-10-13T22:22:08.165909,4,261.4666358766598,90.89014763790271,0.0,3.3080261073447867
2025-10-13T22:22:08.166010,0,306.97649082049674,200.17113818106216,0.0,2.26415005951158
2025-10-13T22:22:08.166010,1,236.99591811633994,238.60018234925255,0.0,0.17239583411224302
2025-10-13T22:22:08.166010,2,272.4564225013715,67.05737694834039,0.0,5.64783645342754
2025-10-13T22:22:08.166010,3,238.55986509041819,137.3033822035536,0.0,0.8274968942341379
2025-10-13T22:22:08.166010,4,315.67452608990254,245.98578301245587,0.0,5.252824055657425
2025-10-13T22:22:08.166108,0,346.1491859367723,224.02191547792975,0.0,4.0862036142116605
2025-10-13T22:22:08.166108,1,370.90026171801446,115.24929835111809,0.0,2.4499366613211144
2025-10-13T22:22:08.166108,2,233.3763917753038,114.36900594453833,0.0,5.211267412255846
2025-10-13T22:22:08.166108,3,344.4473974825993,56.104119200126945,0.0,1.8934512007140296
2025-10-13T22:22:08.166108,4,383.19890743960076,167.875558294626,0.0,1.614017748400229
2025-10-13T22:22:08.166496,0,277.86244354405267,250.05538650809373,0.0,5.225482979945166
2025-10-13T22:22:08.166496,1,259.55543728672694,72.91599768671334,0.0,0.3898392042431117
2025-10-13T22:22:08.166496,2,242.90908603514276,208.35071969365967,0.0,0.18933410281896074
2025-10-13T22:22:08.166496,3,306.1534705714703,141.75949838628927,0.0,2.3410569793308786
2025-10-13T22:22:08.166496,4,244.11513811029238,103.70143855960401,0.0,4.033613680358371
2025-10-13T22:22:08.166647,0,202.8782333953793,205.577024487165,0.0,1.45614557145997
2025-10-13T22:22:08.166647,1,381.8249928914395,161.5703480759051,0.0,2.6730511811020867
2025-10-13T22:22:08.166647,2,240.19536915983323,161.04196104903696,0.0,2.147651274829638
2025-10-13T22:22:08.166647,3,234.03737319321758,200.76189097327426,0.0,5.953667747366675
2025-10-13T22:22:08.166647,4,266.23549072910464,255.61479288072255,0.0,1.020786675250003
2025-10-13T22:22:08.166747,0,315.54237238044846,100.8689256219457,0.0,2.3352242070014033
2025-10-13T22:22:08.166747,1,232.95720508921113,118.86713691246695,0.0,4.484749534428184
2025-10-13T22:22:08.166747,2,285.594669536409,59.23065695466594,0.0,4.4462717726420475
2025-10-13T22:22:08.166747,3,307.5566324473106,200.37310513546595,0.0,2.369626930930223
2025-10-13T22:22:08.166747,4,283.40278585035276,164.95748501145255,0.0,2.574955966420202
2025-10-13T22:22:08.166903,0,360.76169455113165,202.54709143610268,0.0,1.1260229909396875
2025-10-13T22:22:08.166903,1,332.4429069854317,65.56601755539373,0.0,3.9074929574955792
2025-10-13T22:22:08.166903,2,237.65733608300292,66.98548603815117,0.0,2.7741356076804027
2025-10-13T22:22:08.166903,3,331.70961354620545,75.64886753846739,0.0,1.642568202773546
2025-10-13T22:22:08.166903,4,337.43609138902247,114.98640281041745,0.0,2.150504398916384
2025-10-13T22:22:08.167033,0,398.76986218583465,156.52838896073212,0.0,4.050655665855504
2025-10-13T22:22:08.167033,1,282.58999405165446,87.73170686086752,0.0,4.019178511742237
2025-10-13T22:22:08.167033,2,212.35190288579747,202.0681185458807,0.0,2.612003969798726
2025-10-13T22:22:08.167033,3,320.6925270994384,64.15095640661968,0.0,3.3854379515435347
2025-10-13T22:22:08.167033,4,319.10852815211854,212.0200147802319,0.0,2.9698869162825994
2025-10-13T22:22:08.167103,0,221.51734260919662,230.61208326946544,0.0,5.758829158565324
2025-10-13T22:22:08.167103,1,243.15937240439916,80.27258014605175,0.0,5.4703575484315135
2025-10-13T22:22:08.167103,2,248.19347152650653,60.44461769460017,0.0,4.059960244633556
2025-10-13T22:22:08.167103,3,297.3003895050215,88.67000443528096,0.0,0.8473456137721823
2025-10-13T22:22:08.167103,4,349.49397960043166,264.29327012071616,0.0,5.49854699288495
2025-10-13T22:22:08.167182,0,273.9985758419244,263.50522866763094,0.0,2.1209194845677906
2025-10-13T22:22:08.167182,1,382.43089307359696,145.24623032046077,0.0,0.5843796090585983
2025-10-13T22:22:08.167182,2,338.1504093436783,92.72713371892397,0.0,2.118599646436621
2025-10-13T22:22:08.167182,3,369.0746069460768,241.85441757553966,0.0,2.89861552760067
2025-10-13T22:22:08.167182,4,279.693970476731,156.48565521388016,0.0,2.7249958402957333
2025-10-13T22:22:08.167264,0,218.31562569318504,59.76363156752008,0.0,3.2436756755033938
2025-10-13T22:22:08.167264,1,201.91031192392742,99.02008255418906,0.0,5.005504699391168
2025-10-13T22:22:08.167264,2,281.1093928922445,77.07744262312679,0.0,6.1071954754204825
2025-10-13T22:22:08.167264,3,347.0312991464238,213.4973136375708,0.0,2.557514832854398
2025-10-13T22:22:08.167264,4,291.49767994757866,136.8915100642219,0.0,1.3094301953713596
2025-10-13T22:22:08.167427,0,396.8782559597764,146.45634847626025,0.0,2.7670529515584104
2025-10-13T22:22:08.167427,1,212.49124438402194,76.0547504779572,0.0,2.671955040356608
2025-10-13T22:22:08.167427,2,275.545060300774,217.12637349770844,0.0,3.4209076028356518
2025-10-13T22:22:08.167427,3,369.1324106767695,97.8949178779706,0.0,1.247186028692112
2025-10-13T22:22:08.167427,4,220.240877931374,83.20515387468527,0.0,3.855302262556198
2025-10-13T22:22:08.167563,0,283.2974190182124,103.6341699099311,0.0,2.691816089467465
2025-10-13T22:22:08.167563,1,309.0247039963667,80.84861328503212,0.0,0.8556266642694178
2025-10-13T22:22:08.167563,2,313.41657888478767,196.44952573968916,0.0,6.199094957959113
2025-10-13T22:22:08.167563,3,204.2340348445953,154.2238824442041,0.0,5.428383682633982
2025-10-13T22:22:08.167563,4,287.43946414121467,269.1577917390727,0.0,2.0289235725681065
2025-10-13T22:22:08.167730,0,223.47052444760484,114.95561528543399,0.0,5.223067187850209
2025-10-13T22:22:08.167730,1,326.68435989837275,150.06209341993105,0.0,5.441487867866345
2025-10-13T22:22:08.167730,2,241.20638758607512,114.01044195172014,0.0,6.089157417797489
2025-10-13T22:22:08.167730,3,339.978296683842,236.78520512441492,0.0,4.1463971896077405
2025-10-13T22:22:08.167730,4,272.19386377212084,191.41090256286822,0.0,1.6913854818682872
2025-10-13T22:22:08.167850,0,353.4093675410837,241.82306373866496,0.0,5.23619750488871
2025-10-13T22:22:08.167850,1,309.83327878516025,263.6179979334697,0.0,5.520096774070288
2025-10-13T22:22:08.167850,2,239.4867431392439,85.85213543321663,0.0,4.736412309087014
2025-10-13T22:22:08.167850,3,248.46670739844427,266.90583832063123,0.0,5.971295128800054
2025-10-13T22:22:08.167850,4,378.1343160631167,138.0167438196338,0.0,1.8009756497194958
2025-10-13T22:22:08.167919,0,352.51472367857764,135.1309147130023,0.0,1.9235370963824376
2025-10-13T22:22:08.167919,1,364.7418246714567,235.51284573594114,0.0,5.952938572721636
2025-10-13T22:22:08.167919,2,226.773856461282,192.13118819419546,0.0,3.311561098171851
2025-10-13T22:22:08.167919,3,319.84075936791635,228.66387471121865,0.0,1.6551542728779518
2025-10-13T22:22:08.167919,4,202.39320268451038,56.82296319694246,0.0,3.5403812331743114
2025-10-13T22:22:08.168038,0,357.076101528657,176.0330611284204,0.0,4.414820669025946
2025-10-13T22:22:08.168038,1,205.23865283887787,206.8794617893144,0.0,5.304848451719032
2025-10-13T22:22:08.168038,2,345.1799493551788,168.14344249674267,0.0,2.3587654206715567
2025-10-13T22:22:08.168038,3,235.57748382596867,104.61066222607027,0.0,0.24839407937128516
2025-10-13T22:22:08.168038,4,216.26565528335593,262.34469304018614,0.0,5.285359750121824
2025-10-13T22:22:08.168144,0,342.8927314140236,57.29711479890045,0.0,3.6530326482716333
2025-10-13T22:22:08.168144,1,289.238131147276,255.77272027518592,0.0,0.4368175261163066
2025-10-13T22:22:08.168144,2,255.2092621798698,78.01651592085102,0.0,1.4465250060846695
2025-10-13T22:22:08.168144,3,275.8092605806657,59.938399017814525,0.0,4.645033179658701
2025-10-13T22:22:08.168144,4,320.39173710282404,177.84585753173587,0.0,6.046961082348141
2025-10-13T22:22:08.168268,0,301.87714049738474,215.379539902144,0.0,3.542487644170561
2025-10-13T22:22:08.168268,1,201.4529500440888,265.4229843176215,0.0,3.696757573283969
2025-10-13T22:22:08.168268,2,382.02755880100693,263.033257057167,0.0,5.166225252741696
2025-10-13T22:22:08.168268,3,349.5901177725174,126.15247388729678,0.0,3.5374953554573936
2025-10-13T22:22:08.168268,4,391.6605905427775,235.17653709435928,0.0,0.7026970292641974
2025-10-13T22:22:08.168437,0,307.277175787834,98.65352917823681,0.0,2.1765962482702315
2025-10-13T22:22:08.168437,1,321.40309582137735,221.2038059468126,0.0,0.3963017505342868
2025-10-13T22:22:08.168437,2,244.14337367280717,201.18564016634787,0.0,5.990030440217598
2025-10-13T22:22:08.168437,3,240.0607772570911,247.12521816703395,0.0,2.7986972843821403
2025-10-13T22:22:08.168437,4,269.791235737704,238.0252644768623,0.0,0.5039384544258058
2025-10-13T22:22:08.168561,0,381.13982191298203,260.03639154533266,0.0,4.854197617818544
2025-10-13T22:22:08.168561,1,234.9725195694804,266.3311330081782,0.0,4.563565770423545
2025-10-13T22:22:08.168561,2,269.83127491993554,219.47809882670325,0.0,3.4451192373996733
2025-10-13T22:22:08.168561,3,328.49102698059767,234.22618540357695,0.0,0.020551993791481052
2025-10-13T22:22:08.168561,4,379.3557593782574,184.73816218790355,0.0,2.6312424926277562
2025-10-13T22:22:08.170270,0,314.17285649738403,116.04472313789249,0.0,5.740589941430073
2025-10-13T22:22:08.170270,1,319.7811405077903,257.0054640870137,0.0,5.722083312761344
2025-10-13T22:22:08.170270,2,323.6205638428861,229.23272866559824,0.0,6.217024919008306
2025-10-13T22:22:08.170270,3,245.51647477392035,71.36052130605484,0.0,1.3493973389123637
2025-10-13T22:22:08.170270,4,355.63003727841874,62.847616712102216,0.0,2.045706945551489
2025-10-13T22:22:08.170679,0,294.153548545332,199.3025619941202,0.0,1.3502911619256108
2025-10-13T22:22:08.170679,1,240.12840978220453,92.55385252692005,0.0,2.238799928632384
2025-10-13T22:22:08.170679,2,333.4260855296596,111.10441207549476,0.0,0.448677120068258
2025-10-13T22:22:08.170679,3,352.8731609983256,103.0919178333344,0.0,3.9173027870153994
2025-10-13T22:22:08.170679,4,301.2192189625219,74.61096023580002,0.0,3.8821053420030855
2025-10-13T22:22:08.171159,0,331.94385533015975,139.66149488839665,0.0,5.995928471517767
2025-10-13T22:22:08.171159,1,203.652845401527,156.06090648572243,0.0,0.6224679390271327
2025-10-13T22:22:08.171159,2,304.16134072680603,77.72543969664972,0.0,3.7740773205717546
2025-10-13T22:22:08.171159,3,276.83604073814263,138.72086250416135,0.0,6.176681067532476
2025-10-13T22:22:08.171159,4,280.9154124135579,221.87117244878434,0.0,2.852685336336298
2025-10-13T22:22:08.171617,0,342.92050494409796,250.01429253502175,0.0,1.428279562443931
2025-10-13T22:22:08.171617,1,291.43912727658653,236.03110942146418,0.0,4.6447463973024465
2025-10-13T22:22:08.171617,2,351.9417060465017,154.0002448764239,0.0,2.5350401690273934
2025-10-13T22:22:08.171617,3,224.34232836830654,149.96836211875487,0.0,3.521379325907778
2025-10-13T22:22:08.171617,4,310.7620703288877,173.18642702317635,0.0,5.583932401068632
2025-10-13T22:22:08.171813,0,232.13914407133512,182.58721315634764,0.0,1.205390963245819
2025-10-13T22:22:08.171813,1,388.2745188593598,238.44528211837073,0.0,0.9459529846697821
2025-10-13T22:22:08.171813,2,262.50578582076594,100.53659631610716,0.0,3.268911560578475
2025-10-13T22:22:08.171813,3,233.7095648064827,119.2169600087557,0.0,3.6558004221261826
2025-10-13T22:22:08.171813,4,217.50049011423994,222.53112783653665,0.0,6.024618318814386
2025-10-13T22:22:08.172294,0,390.68777315876645,265.77979527588,0.0,5.177596977472212
2025-10-13T22:22:08.172294,1,310.2092120193108,245.71387915306119,0.0,4.117972208470245
2025-10-13T22:22:08.172294,2,243.4452111021928,60.88787315563632,0.0,4.285117413892767
2025-10-13T22:22:08.172294,3,346.6073959691302,242.52685016704626,0.0,0.11455701613954676
2025-10-13T22:22:08.172294,4,338.7407489838073,161.29880898816265,0.0,2.6092786290198804
2025-10-13T22:22:08.172755,0,293.84967225734067,147.93869724739125,0.0,1.176686533479982
2025-10-13T22:22:08.172755,1,293.0008430896432,136.94360632690493,0.0,4.187930636646514
2025-10-13T22:22:08.172755,2,291.98779301349657,204.8612757816475,0.0,3.2124431084854823
2025-10-13T22:22:08.172755,3,369.1216494097225,132.67634219666843,0.0,1.7171033848968882
2025-10-13T22:22:08.172755,4,216.0659576844325,146.49587174289204,0.0,2.5132277158810865
2025-10-13T22:22:08.173096,0,358.0397457499269,215.53876805402663,0.0,2.0039508189855275
2025-10-13T22:22:08.173096,1,365.6874576303107,114.15828032901472,0.0,3.8993869391310585
2025-10-13T22:22:08.173096,2,326.4886058589219,177.81023732869767,0.0,1.5666571027355913
2025-10-13T22:22:08.173096,3,314.29995999385824,104.30268241694952,0.0,0.051165196804566396
2025-10-13T22:22:08.173096,4,248.9668533962152,168.21377077275227,0.0,2.6395063847101214
2025-10-13T22:22:08.173533,0,265.8169487288947,59.039092806573066,0.0,2.359867806948447
2025-10-13T22:22:08.173533,1,231.8596008899175,254.722319791838,0.0,1.7752697825095913
2025-10-13T22:22:08.173533,2,243.28409566171834,122.12879221930741,0.0,1.4042098756286479
2025-10-13T22:22:08.173533,3,208.67737798457378,191.7938685112858,0.0,0.2506626843238135
2025-10-13T22:22:08.173533,4,318.9695035517023,113.43257341194146,0.0,0.8862322776965178
2025-10-13T22:22:08.173755,0,392.02547883949796,220.28788671508707,0.0,3.967729702265839
2025-10-13T22:22:08.173755,1,350.2621791271854,106.69159205066074,0.0,0.8620042995941665
2025-10-13T22:22:08.173755,2,234.39415607193598,115.3472837268877,0.0,2.049360590741431
2025-10-13T22:22:08.173755,3,239.64591048902102,125.0616628873501,0.0,1.39306413170859
2025-10-13T22:22:08.173755,4,250.9260804230079,189.32016188376608,0.0,4.830527451307455
2025-10-13T22:22:08.173993,0,325.38370665284395,210.65906546569602,0.0,5.131367095774422
2025-10-13T22:22:08.173993,1,259.25026222273056,145.9175777887474,0.0,1.8922767328148844
2025-10-13T22:22:08.173993,2,338.6303432217947,181.9604719231019,0.0,6.175028000940919
2025-10-13T22:22:08.173993,3,371.40643464413904,58.27351715761445,0.0,6.050373367889008
2025-10-13T22:22:08.173993,4,391.53152737757125,125.89013254477895,0.0,5.935211398695349
2025-10-13T22:22:08.174286,0,230.04637969093415,251.6721112799499,0.0,5.029759037927418
2025-10-13T22:22:08.174286,1,202.7239129236453,109.6535866153751,0.0,2.3112210565483045
2025-10-13T22:22:08.174286,2,341.82855950724024,225.3604989203792,0.0,1.744083113481973
2025-10-13T22:22:08.174286,3,313.7335299129204,149.92849261637116,0.0,0.7833695470160047
2025-10-13T22:22:08.174286,4,331.6530151163631,220.42097583174814,0.0,0.07245827238434963
2025-10-13T22:22:08.174477,0,235.34538578698397,215.4214911987825,0.0,4.9333325012799785
2025-10-13T22:22:08.174477,1,219.85485169954026,189.7798460891653,0.0,3.0995719555439902
2025-10-13T22:22:08.174477,2,334.7768421409668,205.1320219107237,0.0,4.186049023477129
2025-10-13T22:22:08.174477,3,313.113648194683,90.41524293922053,0.0,2.806869406516937
2025-10-13T22:22:08.174477,4,322.9114740287955,157.13740211252494,0.0,3.8655255549179692
2025-10-13T22:22:08.174891,0,269.94080355576517,190.73789592450112,0.0,4.702569864263906
2025-10-13T22:22:08.174891,1,316.1227206601628,255.47547517066232,0.0,5.982329812831136
2025-10-13T22:22:08.174891,2,341.5680281772992,253.52773517179867,0.0,6.091498422510648
2025-10-13T22:22:08.174891,3,221.08459325344367,116.74610769360244,0.0,0.7080608343951013
2025-10-13T22:22:08.174891,4,250.54724988539016,88.02034781234514,0.0,2.005157957917725
2025-10-13T22:22:08.175332,0,208.05070609664972,54.78917590325909,0.0,1.162090378463711
2025-10-13T22:22:08.175332,1,207.64182029207907,261.3666318917692,0.0,4.236498174822932
2025-10-13T22:22:08.175332,2,290.43018890212386,162.077774167884,0.0,4.038336981844496
2025-10-13T22:22:08.175332,3,296.81613383023836,254.18714191446895,0.0,5.89728704615647
2025-10-13T22:22:08.175332,4,361.4103138331245,229.63101874453372,0.0,1.4499584742223663
2025-10-13T22:22:08.175610,0,356.29805013324295,140.09151479251352,0.0,3.8695053546296596
2025-10-13T22:22:08.175610,1,306.1914972570306,133.16966424493245,0.0,3.9868497030601073
2025-10-13T22:22:08.175610,2,323.5533513076825,166.91453961714893,0.0,4.944970644818926
2025-10-13T22:22:08.175610,3,385.44925389359054,252.62507757547993,0.0,4.419192516057999
2025-10-13T22:22:08.175610,4,317.33730639309425,53.92682636298619,0.0,1.8368735558170703
